Date,Open,High,Low,Close ,Adj Close ,Volume
"Mar 1, 2026",23.54,25,22.03,23.04,23.04,"125,245,200"
"Feb 1, 2026",24.38,25.93,22.79,24.03,24.03,"141,494,200"
"Jan 1, 2026",20.26,25.01,20.16,23.88,23.88,"184,109,000"
"Dec 1, 2025",22.15,24,19.99,20.08,20.08,"139,496,700"
"Nov 1, 2025",22.25,22.75,19.93,22.53,22.53,"102,039,300"
"Oct 1, 2025",27.25,28.1,22.24,22.29,22.29,"186,191,300"
"Sep 1, 2025",22.36,27.34,22.18,27.28,27.28,"230,837,700"
"Aug 1, 2025",22.32,23.21,21.92,22.41,22.41,"112,280,200"
"Jul 1, 2025",24.15,24.84,22.27,22.45,22.45,"200,617,300"
"Jun 1, 2025",29.87,31.05,21.54,24.39,24.39,"455,061,000"
"May 1, 2025",27.98,35.81,25.67,29.8,29.8,"265,426,600"
"Apr 1, 2025",22.76,28.25,20.78,27.86,27.86,"216,200,100"
"Mar 1, 2025",25.26,29.8,20.73,22.32,22.32,"284,195,200"
"Feb 1, 2025",25.57,28.97,23.83,25.04,25.04,"110,678,800"
"Jan 1, 2025",31.84,34.4,26.33,26.9,26.9,"135,097,900"
"Dec 1, 2024",28.96,34.37,26.15,31.34,31.34,"281,320,700"
"Nov 1, 2024",22.4,32.12,21.88,29.05,29.05,"259,026,500"
"Oct 1, 2024",22.95,24.54,20.3,22.18,22.18,"130,242,300"
"Sep 1, 2024",24.15,25.02,19.31,22.93,22.93,"276,216,600"
"Aug 1, 2024",22.92,23.48,18.73,23.42,23.42,"133,244,800"
"Jul 1, 2024",23.35,29.79,22.31,22.67,22.67,"308,566,600"
"Jun 1, 2024",40.19,48,22.55,24.69,24.69,"1,706,253,100"
"May 1, 2024",11.03,64.83,10.7,23.14,23.14,"1,305,750,100"
"Apr 1, 2024",12.63,12.67,9.95,11.09,11.09,"92,513,100"
"Mar 1, 2024",14.18,15.89,12.47,12.52,12.52,"109,035,200"
"Feb 1, 2024",14.34,15.23,13.12,14.27,14.27,"53,459,300"
"Jan 1, 2024",17.25,17.6,13.71,14.23,14.23,"63,343,800"
"Dec 1, 2023",14.52,18.59,13.56,17.53,17.53,"168,408,200"
"Nov 1, 2023",13.78,17.56,11.83,14.55,14.55,"148,487,200"
"Oct 1, 2023",16.3,16.31,12.59,13.77,13.77,"71,816,900"
"Sep 1, 2023",18.66,19.48,16.4,16.46,16.46,"73,553,100"
"Aug 1, 2023",21.95,22,16.18,18.55,18.55,"59,275,300"
"Jul 1, 2023",24.29,25.11,21.79,22.2,22.2,"47,270,700"
"Jun 1, 2023",24.04,27.65,20.1,24.25,24.25,"128,240,800"
"May 1, 2023",19.16,24.8,18.06,24.05,24.05,"64,065,900"
"Apr 1, 2023",22.94,23.85,18.65,19.29,19.29,"49,898,900"
"Mar 1, 2023",18.92,27,15.53,23.02,23.02,"171,919,100"
"Feb 1, 2023",21.49,24.88,18.89,19.23,19.23,"81,856,100"
"Jan 1, 2023",18.64,23.48,15.41,21.87,21.87,"103,365,700"
"Dec 1, 2022",26,27.87,16.98,18.46,18.46,"116,516,100"
"Nov 1, 2022",29.4,29.69,21.89,26.21,26.21,"81,877,500"
"Oct 1, 2022",25.14,34.99,23.91,28.31,28.31,"102,981,400"
"Sep 1, 2022",28,30.34,23.42,25.13,25.13,"109,156,700"
"Aug 1, 2022",33.8,47.99,28.26,28.64,28.64,"164,360,700"
"Jul 22, 2022",4:1 Stock Splits ,,,,,
"Jul 1, 2022",30.28,40.41,28.34,34.01,34.01,"211,815,200"
"Jun 1, 2022",30.7,38.25,28.58,30.58,30.58,"278,615,200"
"May 1, 2022",30.91,37.12,19.44,31.18,31.18,"368,167,600"
"Apr 1, 2022",47.22,47.44,30.13,31.27,31.27,"231,608,400"
"Mar 1, 2022",30.55,49.85,19.4,41.65,41.65,"636,574,800"
"Feb 1, 2022",28.25,33.21,23.77,30.83,30.83,"185,137,200"
"Jan 1, 2022",37.31,40.08,21.57,27.23,27.23,"338,492,800"
"Dec 1, 2021",49.85,50.03,32.38,37.1,37.1,"237,976,000"
"Nov 1, 2021",45.63,63.92,45.51,49.05,49.05,"213,188,400"
"Oct 1, 2021",44.85,48.04,41.45,45.88,45.88,"143,270,000"
"Sep 1, 2021",56,57.86,41.7,43.87,43.87,"253,960,400"
"Aug 1, 2021",40.5,56.75,36.31,54.56,54.56,"328,216,000"
"Jul 1, 2021",53.35,54.21,39.5,40.28,40.28,"216,053,600"
"Jun 1, 2021",58.37,86.17,49.25,53.53,53.53,"740,087,600"
"May 1, 2021",44.37,67.2,34.13,55.5,55.5,"549,800,400"
"Apr 1, 2021",48.34,49.24,33,43.4,43.4,"689,661,600"
"Mar 1, 2021",26.14,87.13,24.99,47.46,47.46,"2,718,499,600"
"Feb 1, 2021",79.14,80.5,9.63,25.43,25.43,"3,309,952,000"
"Jan 1, 2021",4.75,120.75,4.27,81.25,81.25,"5,046,059,200"
"Dec 1, 2020",4.28,5.59,3.04,4.71,4.71,"1,005,146,400"
"Nov 1, 2020",2.7,4.86,2.63,4.14,4.14,"645,963,200"
"Oct 1, 2020",2.52,3.97,2.28,2.62,2.62,"1,439,425,200"
"Sep 1, 2020",1.83,2.79,1.47,2.55,2.55,"1,019,247,200"
"Aug 1, 2020",1.01,1.79,1,1.67,1.67,"469,057,600"
"Jul 1, 2020",1.08,1.14,0.94,1,1,"221,976,400"
"Jun 1, 2020",1.03,1.38,1,1.09,1.09,"401,126,800"
"May 1, 2020",1.41,1.54,0.99,1.01,1.01,"214,030,400"
"Apr 1, 2020",0.86,1.62,0.64,1.43,1.43,"398,940,800"
"Mar 1, 2020",0.9,1.27,0.85,0.88,0.88,"401,905,600"
"Feb 1, 2020",0.97,1.13,0.8,0.9,0.9,"223,157,600"
"Jan 1, 2020",1.53,1.62,0.96,0.96,0.96,"324,282,000"
"Dec 1, 2019",1.59,1.73,1.29,1.52,1.52,"484,055,200"
"Nov 1, 2019",1.36,1.6,1.34,1.59,1.59,"227,702,800"
"Oct 1, 2019",1.41,1.65,1.24,1.36,1.36,"420,686,800"
"Sep 1, 2019",0.99,1.41,0.92,1.38,1.38,"837,567,600"
"Aug 1, 2019",1,1.09,0.79,0.99,0.99,"603,640,000"
"Jul 1, 2019",1.38,1.41,0.98,1,1,"619,928,800"
"Jun 1, 2019",1.89,1.96,1.18,1.37,1.37,"681,215,600"
"May 1, 2019",2.16,2.25,1.83,1.89,1.89,"269,686,800"
"Apr 1, 2019",2.57,2.61,2.13,2.16,2.16,"458,060,000"
"Mar 14, 2019",0.095 Dividend ,,,,,
"Mar 1, 2019",2.97,3.03,2.52,2.54,2.46,"268,835,200"
"Feb 1, 2019",2.83,2.98,2.75,2.92,2.83,"218,825,600"
"Jan 1, 2019",3.11,4.22,2.78,2.84,2.74,"428,926,800"
"Dec 10, 2018",0.095 Dividend ,,,,,
"Dec 1, 2018",3.45,3.53,2.89,3.15,2.97,"200,638,000"
"Nov 1, 2018",3.65,3.94,3.04,3.41,3.21,"338,289,200"
"Oct 1, 2018",3.82,3.9,3.41,3.65,3.43,"209,202,800"
"Sep 17, 2018",0.095 Dividend ,,,,,
"Sep 1, 2018",3.29,4.26,3.27,3.82,3.51,"300,573,200"
"Aug 1, 2018",3.61,4.32,3.3,3.32,3.05,"337,704,000"
"Jul 1, 2018",3.65,3.91,3.5,3.6,3.31,"208,422,000"
"Jun 11, 2018",0.095 Dividend ,,,,,
"Jun 1, 2018",3.2,3.99,3.17,3.64,3.26,"619,957,200"
"May 1, 2018",3.39,3.47,3.07,3.3,2.95,"394,070,800"
"Apr 1, 2018",3.13,3.55,3.13,3.41,3.05,"377,341,600"
"Mar 2, 2018",0.095 Dividend ,,,,,
"Mar 1, 2018",3.95,4.06,3.05,3.15,2.76,"413,121,600"
"Feb 1, 2018",4.18,4.25,3.78,3.92,3.43,"260,966,000"
"Jan 1, 2018",4.49,5.08,4.15,4.2,3.67,"359,098,000"
"Dec 1, 2017",4.68,4.97,4.49,4.49,3.92,"231,505,200"
"Nov 30, 2017",0.095 Dividend ,,,,,
"Nov 1, 2017",4.67,4.92,3.96,4.69,4.02,"427,797,200"
"Oct 1, 2017",5.16,5.17,4.65,4.67,4,"152,454,800"
"Sep 7, 2017",0.095 Dividend ,,,,,
"Sep 1, 2017",4.65,5.24,4.64,5.16,4.34,"161,517,600"
"Aug 1, 2017",5.42,5.59,4.62,4.63,3.88,"286,556,400"
"Jul 1, 2017",5.44,5.5,5.16,5.42,4.55,"141,908,000"
"Jun 5, 2017",0.095 Dividend ,,,,,
"Jun 1, 2017",5.54,5.74,5.07,5.4,4.46,"222,802,000"
"May 1, 2017",5.69,6.33,5.31,5.53,4.57,"304,452,800"
"Apr 1, 2017",5.63,5.99,5.39,5.67,4.68,"192,458,000"
"Mar 10, 2017",0.095 Dividend ,,,,,
"Mar 1, 2017",6.14,6.33,5.06,5.64,4.58,"346,333,600"
"Feb 1, 2017",6.12,6.67,5.89,6.11,4.97,"162,952,400"
"Jan 1, 2017",6.36,6.51,5.57,6.12,4.98,"245,090,400"
"Dec 1, 2016",6.16,6.71,6.03,6.32,5.14,"171,006,400"
"Nov 29, 2016",0.0925 Dividend ,,,,,
"Nov 1, 2016",6,6.62,5.03,6.17,4.95,"283,342,800"
"Oct 1, 2016",6.9,6.97,5.92,6.01,4.82,"206,180,000"
"Sep 7, 2016",0.0925 Dividend ,,,,,
"Sep 1, 2016",7.12,7.17,6.67,6.9,5.45,"164,595,200"
"Aug 1, 2016",7.74,8.17,7.07,7.1,5.61,"278,633,600"
"Jul 1, 2016",6.72,7.96,6.43,7.74,6.12,"234,003,600"
"Jun 6, 2016",0.0925 Dividend ,,,,,
"Jun 1, 2016",7.26,7.33,6.3,6.64,5.19,"218,932,400"
"May 1, 2016",8.2,8.22,6.88,7.28,5.68,"280,284,800"
"Apr 1, 2016",7.93,8.43,7.25,8.2,6.4,"267,830,000"
"Mar 4, 2016",0.0925 Dividend ,,,,,
"Mar 1, 2016",7.76,8.24,7.1,7.93,6.12,"265,259,600"
"Feb 1, 2016",6.55,7.77,6.19,7.7,5.95,"160,745,200"
"Jan 1, 2016",6.76,7.39,6.08,6.55,5.06,"230,986,800"
"Dec 1, 2015",0.09 Dividend ,,,,,
"Dec 1, 2015",8.76,8.79,6.97,7.01,5.35,"257,916,800"
"Nov 1, 2015",11.51,11.87,8.25,8.76,6.69,"255,981,200"
"Oct 1, 2015",10.32,11.9,9.95,11.52,8.8,"109,858,800"
"Sep 4, 2015",0.09 Dividend ,,,,,
"Sep 1, 2015",10.38,11.11,9.91,10.3,7.8,"139,757,600"
"Aug 1, 2015",11.49,11.96,9.66,10.62,8.04,"184,884,000"
"Jul 1, 2015",10.81,11.94,10.74,11.46,8.68,"144,605,600"
"Jun 8, 2015",0.09 Dividend ,,,,,
"Jun 1, 2015",10.94,11.38,10.49,10.74,8.07,"163,515,600"
"May 1, 2015",9.66,11.12,9.61,10.85,8.15,"136,741,600"
"Apr 1, 2015",9.47,10.32,9.33,9.64,7.24,"118,883,600"
"Mar 13, 2015",0.09 Dividend ,,,,,
"Mar 1, 2015",9.24,10.67,9.24,9.49,7.06,"176,574,400"
"Feb 1, 2015",8.78,9.55,8.63,9.24,6.88,"108,543,200"
"Jan 1, 2015",8.52,9.82,7.92,8.81,6.56,"284,271,600"
"Dec 1, 2014",9.4,9.42,7.95,8.45,6.29,"356,487,200"
"Nov 21, 2014",0.0825 Dividend ,,,,,
"Nov 1, 2014",10.69,11.21,9.22,9.45,6.98,"294,953,200"
"Oct 1, 2014",10.28,10.97,8.95,10.69,7.9,"238,340,800"
"Sep 1, 2014",10.57,11.36,10.3,10.3,7.61,"170,705,600"
"Aug 29, 2014",0.0825 Dividend ,,,,,
"Aug 1, 2014",10.5,11.13,9.85,10.55,7.73,"215,040,800"
"Jul 1, 2014",10.13,11.65,10.07,10.49,7.69,"251,918,400"
"Jun 2, 2014",0.0825 Dividend ,,,,,
"Jun 1, 2014",9.42,10.25,8.97,10.12,7.35,"197,148,400"
"May 1, 2014",9.97,10.12,8.77,9.46,6.88,"245,402,000"
"Apr 1, 2014",10.26,11.37,9.74,9.92,7.21,"283,416,800"
"Mar 13, 2014",0.0825 Dividend ,,,,,
"Mar 1, 2014",9.26,10.39,8.82,10.27,7.4,"316,240,800"
"Feb 1, 2014",8.74,9.75,8.27,9.33,6.72,"292,960,400"
"Jan 1, 2014",12.29,12.5,8.68,8.77,6.32,"516,601,600"
"Dec 2, 2013",0.06875 Dividend ,,,,,
"Dec 1, 2013",12.13,12.89,11.22,12.31,8.82,"277,885,200"
"Nov 1, 2013",13.77,14.44,11.66,12.06,8.64,"272,100,000"
"Oct 1, 2013",12.4,14,11.93,13.7,9.82,"151,379,200"
"Sep 1, 2013",12.69,13.32,12.16,12.41,8.89,"144,700,400"
"Aug 29, 2013",0.06875 Dividend ,,,,,
"Aug 1, 2013",12.38,14.02,11.76,12.55,8.94,"232,609,600"
"Jul 1, 2013",10.5,12.38,10.41,12.27,8.74,"182,108,800"
"Jun 1, 2013",8.3,10.71,8.29,10.51,7.48,"357,972,000"
"May 31, 2013",0.06875 Dividend ,,,,,
"May 1, 2013",8.74,9.97,7.74,8.29,5.86,"355,194,400"
"Apr 1, 2013",7,8.85,6.98,8.73,6.16,"310,882,800"
"Mar 1, 2013",0.06875 Dividend ,,,,,
"Mar 1, 2013",6.16,7.17,5.84,6.99,4.89,"203,120,400"
"Feb 1, 2013",6.07,6.75,5.86,6.26,4.38,"267,249,200"
"Jan 1, 2013",6.39,6.47,5.57,5.8,4.05,"325,448,800"
"Dec 1, 2012",6.61,7.09,5.98,6.27,4.38,"220,685,600"
"Nov 26, 2012",0.0625 Dividend ,,,,,
"Nov 1, 2012",5.71,7,5.35,6.56,4.54,"312,088,400"
"Oct 1, 2012",5.36,6.12,5.26,5.71,3.95,"223,167,200"
"Sep 1, 2012",4.96,5.95,4.96,5.25,3.63,"253,480,000"
"Aug 24, 2012",0.0625 Dividend ,,,,,
"Aug 1, 2012",4.01,4.9,3.83,4.77,3.26,"387,012,400"
"Jul 1, 2012",4.61,4.67,3.87,4.01,2.74,"185,138,000"
"Jun 1, 2012",4.69,4.95,4.28,4.59,3.14,"299,375,200"
"May 24, 2012",0.0375 Dividend ,,,,,
"May 1, 2012",5.69,5.77,4.53,4.8,3.25,"354,563,600"
"Apr 1, 2012",5.43,5.7,5.24,5.69,3.86,"247,266,800"
"Mar 1, 2012",5.72,6.44,5.45,5.46,3.7,"362,596,400"
"Feb 16, 2012",0.0375 Dividend ,,,,,
"Feb 1, 2012",5.86,6.47,5.64,5.7,3.83,"283,491,200"
"Jan 1, 2012",6.11,6.32,5.66,5.84,3.93,"280,009,600"
"Dec 1, 2011",5.78,6.19,5.66,6.03,4.06,"204,837,200"
"Nov 1, 2011",6.22,6.47,5.36,5.78,3.89,"342,366,800"
"Oct 1, 2011",5.75,6.66,5.54,6.39,4.3,"315,085,600"
"Sep 1, 2011",5.96,6.27,5.39,5.78,3.89,"262,391,600"
"Aug 1, 2011",5.95,6.01,4.59,5.98,4.03,"469,022,800"
"Jul 1, 2011",6.68,6.95,5.75,5.89,3.97,"329,091,200"
"Jun 1, 2011",6.98,7.01,6.41,6.67,4.49,"270,106,000"
"May 1, 2011",6.54,7.16,6.14,6.99,4.71,"357,607,200"
"Apr 1, 2011",5.67,6.74,5.62,6.42,4.32,"477,108,800"
"Mar 1, 2011",4.99,5.7,4.86,5.63,3.79,"376,369,600"
"Feb 1, 2011",5.28,5.3,4.8,4.99,3.36,"338,633,600"
"Jan 1, 2011",5.77,5.81,5.03,5.27,3.55,"325,745,600"
"Dec 1, 2010",5.05,5.75,4.97,5.72,3.85,"257,106,000"
"Nov 1, 2010",4.93,5.53,4.79,4.98,3.35,"336,137,200"
"Oct 1, 2010",4.99,5.15,4.48,4.91,3.31,"315,401,600"
"Sep 1, 2010",4.54,5.05,4.51,4.93,3.32,"252,234,400"
"Aug 1, 2010",5.06,5.37,4.43,4.48,3.02,"317,646,400"
"Jul 1, 2010",4.67,5.25,4.56,5.01,3.37,"321,853,200"
"Jun 1, 2010",5.65,5.68,4.49,4.7,3.16,"532,432,000"
"May 1, 2010",6.15,6.33,5.07,5.7,3.84,"476,693,600"
"Apr 1, 2010",5.48,6.44,5.48,6.08,4.09,"479,321,200"
"Mar 1, 2010",4.32,5.57,4.32,5.48,3.69,"552,038,800"
"Feb 1, 2010",4.99,5.14,4.28,4.3,2.9,"388,642,400"
"Jan 1, 2010",5.52,6.03,4.86,4.94,3.33,"572,589,200"
"Dec 1, 2009",6.16,6.2,5.17,5.49,3.69,"470,174,800"
"Nov 1, 2009",6.11,6.51,5.86,6.1,4.11,"352,560,000"
"Oct 1, 2009",6.64,7.16,5.98,6.07,4.09,"445,640,000"
"Sep 1, 2009",5.91,6.83,5.74,6.62,4.46,"339,705,600"
"Aug 1, 2009",5.51,6.66,5.51,5.95,4.01,"540,396,000"
"Jul 1, 2009",5.57,6.06,5.01,5.47,3.68,"397,174,000"
"Jun 1, 2009",6.29,6.63,5.11,5.5,3.7,"427,005,200"
"May 1, 2009",7.53,7.57,5.46,6.24,4.2,"482,724,400"
"Apr 1, 2009",7.14,8.2,6.89,7.54,5.08,"339,182,400"
"Mar 1, 2009",6.59,7.24,5.45,7.01,4.72,"439,219,600"
"Feb 1, 2009",6.13,7.27,6.06,6.73,4.53,"261,292,800"
"Jan 1, 2009",5.43,7.06,5.26,6.2,4.17,"317,016,000"
"Dec 1, 2008",5.41,6.63,4.5,5.41,3.65,"265,193,600"
"Nov 1, 2008",6.95,7,4.23,5.46,3.68,"256,122,400"
"Oct 1, 2008",8.47,9.6,6.02,6.85,4.61,"318,121,600"
"Sep 1, 2008",11.09,11.59,8.2,8.55,5.76,"298,095,600"
"Aug 1, 2008",10.22,11.92,9.7,10.97,7.38,"255,584,400"
"Jul 1, 2008",10.01,11.45,9.4,10.13,6.82,"292,481,600"
"Jun 1, 2008",12.35,12.47,10.07,10.1,6.8,"335,273,200"
"May 1, 2008",13.81,14.3,11.03,12.4,8.35,"309,446,400"
"Apr 1, 2008",13.18,14.78,13.18,13.76,9.26,"217,386,400"
"Mar 1, 2008",10.57,13.69,10.19,12.93,8.7,"285,318,400"
"Feb 1, 2008",12.96,13.75,10.57,10.59,7.13,"251,404,000"
"Jan 1, 2008",15.54,15.57,11.19,12.89,8.68,"349,322,400"
"Dec 1, 2007",14.5,15.94,14.03,15.53,10.45,"287,045,200"
"Nov 1, 2007",14.69,15.13,11.86,14.36,9.67,"276,654,400"
"Oct 1, 2007",14.18,15.2,13.31,14.81,9.97,"200,364,400"
"Sep 1, 2007",12.63,14.81,11.86,14.09,9.49,"200,031,600"
"Aug 1, 2007",10.06,12.63,9.35,12.53,8.44,"274,261,600"
"Jul 1, 2007",9.79,11,9.78,10.09,6.79,"150,386,400"
"Jun 1, 2007",9.28,10.29,9.05,9.77,6.58,"166,456,000"
"May 1, 2007",8.35,9.47,8.08,9.24,6.22,"235,988,000"
"Apr 1, 2007",8.16,8.96,8.14,8.29,5.58,"136,570,000"
"Mar 19, 2007",2:1 Stock Splits ,,,,,
"Mar 1, 2007",6.41,8.24,6.24,8.14,5.48,"184,286,400"
"Feb 1, 2007",6.71,7.02,6.39,6.55,4.41,"145,851,200"
"Jan 1, 2007",6.89,7.3,6.39,6.68,4.5,"202,434,400"
"Dec 1, 2006",6.99,7.3,6.74,6.89,4.64,"153,799,200"
"Nov 1, 2006",6.4,7.15,6.13,7.01,4.72,"272,678,400"
"Oct 1, 2006",5.84,6.59,5.7,6.38,4.3,"195,680,000"
"Sep 1, 2006",5.47,6.22,5.3,5.78,3.9,"248,729,600"
"Aug 1, 2006",5.19,5.91,5.01,5.46,3.68,"253,100,800"
"Jul 1, 2006",5.06,5.32,4.52,5.2,3.5,"221,405,600"
"Jun 1, 2006",5.37,5.55,4.48,5.25,3.53,"288,898,400"
"May 1, 2006",5.91,6.06,5.16,5.37,3.61,"219,624,800"
"Apr 1, 2006",5.89,6.21,5.74,5.9,3.97,"131,270,400"
"Mar 1, 2006",5.01,5.99,4.66,5.89,3.97,"187,233,600"
"Feb 1, 2006",5.04,5.45,4.91,5,3.37,"145,452,000"
"Jan 1, 2006",3.98,5.14,3.89,5.04,3.39,"271,470,400"
"Dec 1, 2005",4.2,4.46,3.78,3.98,2.68,"260,856,800"
"Nov 1, 2005",4.43,4.77,4.15,4.2,2.83,"297,994,400"
"Oct 1, 2005",3.97,4.68,3.74,4.43,2.99,"287,721,600"
"Sep 1, 2005",4.21,4.8,3.83,3.93,2.65,"144,669,600"
"Aug 1, 2005",4.32,4.39,3.58,4.22,2.84,"169,327,200"
"Jul 1, 2005",4.09,4.52,4,4.29,2.89,"87,517,600"
"Jun 1, 2005",3.65,4.29,3.61,4.09,2.75,"143,957,600"
"May 1, 2005",3.09,3.89,3.08,3.64,2.45,"117,556,800"
"Apr 1, 2005",2.8,3.21,2.59,3.08,2.07,"153,875,200"
"Mar 1, 2005",2.45,2.95,2.42,2.77,1.87,"89,470,400"
"Feb 1, 2005",2.38,2.51,2.32,2.43,1.63,"38,334,400"
"Jan 1, 2005",2.87,2.87,2.32,2.39,1.61,"100,608,000"
"Dec 1, 2004",2.65,2.83,2.56,2.8,1.88,"70,560,000"
"Nov 1, 2004",2.45,2.94,2.45,2.64,1.77,"162,772,800"
"Oct 1, 2004",2.32,2.56,2.28,2.45,1.65,"61,368,000"
"Sep 1, 2004",2.1,2.34,2.1,2.31,1.56,"26,284,000"
"Aug 1, 2004",1.91,2.2,1.81,2.1,1.41,"38,278,400"
"Jul 1, 2004",1.9,1.99,1.8,1.92,1.3,"37,876,800"
"Jun 1, 2004",1.95,2.04,1.81,1.9,1.28,"58,974,400"
"May 1, 2004",2.2,2.31,1.89,1.95,1.31,"42,941,600"
"Apr 1, 2004",2.25,2.34,2.17,2.2,1.48,"22,870,400"
"Mar 1, 2004",2.33,2.34,2.06,2.25,1.52,"40,265,600"
"Feb 1, 2004",2.13,2.37,2.01,2.33,1.57,"39,747,200"
"Jan 1, 2004",1.98,2.36,1.88,2.08,1.4,"55,928,000"